<?xml version="1.0" encoding="UTF-8"?>
<project-private xmlns="http://www.netbeans.org/ns/project-private/1">
    <editor-bookmarks xmlns="http://www.netbeans.org/ns/editor-bookmarks/2" lastBookmarkId="0"/>
    <open-files xmlns="http://www.netbeans.org/ns/projectui-open-files/2">
        <group>
            <file>file:/C:/Users/My%20PC/Documents/Emertxe/MC/Car_Black_Box_Project.X/clcd.h</file>
            <file>file:/C:/Users/My%20PC/Documents/Emertxe/MC/Car_Black_Box_Project.X/main.c</file>
            <file>file:/C:/Users/My%20PC/Documents/Emertxe/MC/Car_Black_Box_Project.X/car_black_box_def.h</file>
            <file>file:/C:/Users/My%20PC/Documents/Emertxe/MC/Car_Black_Box_Project.X/clcd.c</file>
            <file>file:/C:/Users/My%20PC/Documents/Emertxe/MC/Car_Black_Box_Project.X/main.h</file>
            <file>file:/C:/Users/My%20PC/Documents/Emertxe/MC/Car_Black_Box_Project.X/car_black_box_def.c</file>
        </group>
    </open-files>
</project-private>
